#fcfcFF,#f6f6FF,#fefeFF,#FFecec,#d3d3FF,#fcfcFF,#fefeFF,#efefFF,#FFffff,#FFfefe,#FFf7f7,#FFecec,#fcfcFF,#FFf6f6,#FFf5f5,#FFfefe,#f0f0FF,#fbfbFF,#FFfcfc,#fefeFF,#f7f7FF,#ececFF,#f4f4FF,#FFf7f7,#FFf9f9,#FFe4e4,#fafaFF,#FFfcfc,#FFfbfb,#f4f4FF,#FFf2f2,#FFf9f9,#f6f6FF,#f6f6FF,#FFffff,#FFf8f8,#FFfafa,#fdfdFF,#fafaFF,#FFfafa,#fdfdFF,#f8f8FF,#fdfdFF,#FFf4f4,#fefeFF,#FFfcfc,#fdfdFF,#FFfcfc,#FFf0f0,#FFf9f9,#FFebeb,#FFf9f9,#FFf9f9,#FFfafa,#f2f2FF,#FFfefe,#f2f2FF,#FFfefe,#f9f9FF,#FFfdfd,#FFe7e7,#FFf9f9,#fefeFF,#FFfefe,#fefeFF,#fbfbFF,#fdfdFF,#fdfdFF,#fafaFF,#FFf7f7,#FFf9f9,#FFe7e7,#FFf5f5,#fbfbFF,#f3f3FF,#e9e9FF,#fafaFF,#FFf4f4,#FFfbfb,#FFcdcd,#e3e3FF,#f7f7FF,#e4e4FF,#e9e9FF,#FFeded,#fcfcFF,#FFf4f4,#FFfcfc,#bbbbFF,#e5e5FF,#FFe7e7,#FFe9e9,#FFfbfb,#8080FF
#dedeFF,#ddddFF,#f3f3FF,#f6f6FF,#d8d8FF,#FFfbfb,#FFf7f7,#FFf7f7,#FFfefe,#fbfbFF,#f4f4FF,#dbdbFF,#FFfbfb,#FFf7f7,#FFf4f4,#FFf7f7,#FFfafa,#FFfafa,#FFffff,#FFeeee,#FFffff,#FFf7f7,#FFfafa,#FFf6f6,#FFf3f3,#FFdbdb,#FFf0f0,#fbfbFF,#FFf6f6,#bfbfFF,#FFf0f0,#fdfdFF,#e7e7FF,#bebeFF,#FFf1f1,#fcfcFF,#fdfdFF,#e8e8FF,#e9e9FF,#8e8eFF,#fbfbFF,#f0f0FF,#FFe6e6,#FFeeee,#f2f2FF,#FFffff,#fdfdFF,#e9e9FF,#f2f2FF,#FFf6f6,#fafaFF,#FFf7f7,#f5f5FF,#FFf9f9,#FFfefe,#fafaFF,#FFf4f4,#FFf4f4,#FFf3f3,#FFf6f6,#FFfafa,#FFf1f1,#FFfafa,#FFf6f6,#FFf5f5,#fcfcFF,#fdfdFF,#FFfefe,#fefeFF,#f6f6FF,#d6d6FF,#eeeeFF,#f7f7FF,#f0f0FF,#ddddFF,#e3e3FF,#f0f0FF,#f6f6FF,#e1e1FF,#FFd4d4,#f1f1FF,#FFffff,#f7f7FF,#dedeFF,#ddddFF,#FFf9f9,#f7f7FF,#bbbbFF,#8080FF,#FFf2f2,#d8d8FF,#FFfbfb,#c1c1FF,#9090FF
#FFf5f5,#FFd0d0,#f3f3FF,#FFf8f8,#FFe2e2,#FFeeee,#FFe9e9,#FFfafa,#e9e9FF,#fefeFF,#FFf0f0,#FFf9f9,#f9f9FF,#FFfdfd,#f7f7FF,#fafaFF,#FFd9d9,#eeeeFF,#f7f7FF,#FFf4f4,#FFf4f4,#FFffff,#FFfafa,#FFf1f1,#fafaFF,#f9f9FF,#FFf9f9,#f3f3FF,#fefeFF,#eaeaFF,#FFf9f9,#FFfafa,#FFfdfd,#f4f4FF,#FFfcfc,#FFfbfb,#FFfafa,#FFfefe,#FFf1f1,#f0f0FF,#f9f9FF,#FFf2f2,#FFfdfd,#fafaFF,#FFfbfb,#f7f7FF,#fcfcFF,#FFf2f2,#fbfbFF,#f2f2FF,#FFeaea,#f2f2FF,#f9f9FF,#FFf7f7,#f1f1FF,#f7f7FF,#FFf6f6,#FFfcfc,#FFeded,#f8f8FF,#f6f6FF,#FFfdfd,#FFf4f4,#FFf5f5,#FFfcfc,#FFf8f8,#FFf6f6,#FFf2f2,#FFf6f6,#f4f4FF,#fafaFF,#FFebeb,#FFfefe,#fbfbFF,#f8f8FF,#f7f7FF,#ededFF,#FFf3f3,#e7e7FF,#f6f6FF,#e8e8FF,#f5f5FF,#FFfafa,#FFf4f4,#f5f5FF,#FFefef,#FFe2e2,#f7f7FF,#8080FF,#FFf0f0,#8686FF,#ececFF,#f0f0FF,#c7c7FF
#f3f3FF,#FFeeee,#FFe7e7,#FFf0f0,#d5d5FF,#dedeFF,#f4f4FF,#e2e2FF,#dbdbFF,#eaeaFF,#fbfbFF,#FFd6d6,#ddddFF,#FFfcfc,#f7f7FF,#f5f5FF,#FFfcfc,#e6e6FF,#ececFF,#FFf0f0,#FFf7f7,#f4f4FF,#FFfafa,#FFfcfc,#f9f9FF,#FFaaaa,#FFf9f9,#f6f6FF,#fefeFF,#c3c3FF,#FFf6f6,#f1f1FF,#eeeeFF,#f1f1FF,#f7f7FF,#eaeaFF,#fafaFF,#FFfdfd,#f3f3FF,#FFc7c7,#c5c5FF,#FFfcfc,#FFf9f9,#FFf7f7,#f3f3FF,#fbfbFF,#FFf5f5,#FFf6f6,#FFffff,#f6f6FF,#FFe1e1,#eaeaFF,#f3f3FF,#FFeaea,#FFf0f0,#FFd1d1,#f3f3FF,#FFe7e7,#fdfdFF,#eeeeFF,#f9f9FF,#fdfdFF,#FFf9f9,#FFfafa,#FFf0f0,#fefeFF,#fbfbFF,#FFe9e9,#f7f7FF,#fafaFF,#ececFF,#f1f1FF,#f7f7FF,#f4f4FF,#e9e9FF,#efefFF,#e9e9FF,#e7e7FF,#ebebFF,#FFdbdb,#e5e5FF,#f0f0FF,#e8e8FF,#d4d4FF,#ccccFF,#FFfbfb,#FFeaea,#c1c1FF,#FFb9b9,#FFbebe,#FFf4f4,#FFd6d6,#eeeeFF,#FF8080
#FF9e9e,#d2d2FF,#FFe8e8,#FFf0f0,#FF8080,#dcdcFF,#FFefef,#FFf6f6,#FFfcfc,#f2f2FF,#FFe7e7,#FFf6f6,#FFf7f7,#f7f7FF,#FFf0f0,#f4f4FF,#FFf6f6,#FFecec,#FFf7f7,#FFf2f2,#FFf2f2,#FFeded,#FFeded,#FFe9e9,#FFeded,#FFd8d8,#FFecec,#fbfbFF,#FFf4f4,#FFefef,#fbfbFF,#FFf5f5,#FFf7f7,#FFeded,#fcfcFF,#FFf8f8,#FFe3e3,#FFe8e8,#FFf0f0,#FFe6e6,#FFe8e8,#ccccFF,#FFe4e4,#f4f4FF,#FFfbfb,#FFebeb,#FFf8f8,#f4f4FF,#FFfafa,#FFfcfc,#f4f4FF,#ededFF,#fefeFF,#FFecec,#FFfafa,#FFf0f0,#FFecec,#FFeded,#FFf9f9,#FFffff,#FFf9f9,#fbfbFF,#FFf5f5,#FFfcfc,#FFf8f8,#f5f5FF,#FFf9f9,#FFf8f8,#FFf3f3,#FFfbfb,#fcfcFF,#efefFF,#FFf7f7,#f8f8FF,#eaeaFF,#e4e4FF,#f3f3FF,#eaeaFF,#ceceFF,#FFffff,#FFeaea,#FFc5c5,#a9a9FF,#ceceFF,#dfdfFF,#FFe6e6,#FFf6f6,#FFfefe,#FFd7d7,#FFd8d8,#f0f0FF,#FFdada,#f6f6FF,#fdfdFF
#d7d7FF,#FFe6e6,#e2e2FF,#d2d2FF,#FF8080,#FFffff,#eeeeFF,#FFd4d4,#FFebeb,#FFd3d3,#fefeFF,#FFf5f5,#FFbaba,#babaFF,#f4f4FF,#FFfcfc,#FFc2c2,#fdfdFF,#e8e8FF,#f8f8FF,#fefeFF,#f0f0FF,#FFfefe,#FFebeb,#fefeFF,#FFdada,#FFc7c7,#dadaFF,#FFdfdf,#FFf4f4,#FFfbfb,#FFf0f0,#d8d8FF,#eeeeFF,#FFf8f8,#fafaFF,#FFe4e4,#FFeeee,#f2f2FF,#ebebFF,#FFfbfb,#FFeaea,#e9e9FF,#f7f7FF,#FFf6f6,#fefeFF,#fcfcFF,#FFd2d2,#FFf9f9,#f8f8FF,#FFcece,#f5f5FF,#efefFF,#FFf8f8,#FFfdfd,#f1f1FF,#FFe9e9,#FFf8f8,#FFe8e8,#f6f6FF,#FFeaea,#e9e9FF,#fcfcFF,#f7f7FF,#FFffff,#FFfefe,#f0f0FF,#FFffff,#fbfbFF,#FFf7f7,#f1f1FF,#FFe8e8,#FFfbfb,#ededFF,#FFeeee,#f0f0FF,#f4f4FF,#fbfbFF,#fefeFF,#e9e9FF,#fafaFF,#d6d6FF,#FFfbfb,#FFd7d7,#f5f5FF,#fefeFF,#ddddFF,#FFfefe,#FFeded,#f7f7FF,#FFf6f6,#FFe5e5,#efefFF,#ebebFF
#FFffff,#c0c0FF,#FFf5f5,#FFffff,#FFb9b9,#FFfcfc,#f3f3FF,#eaeaFF,#FFfbfb,#FFbfbf,#FFf8f8,#FFb9b9,#FFfafa,#FFf1f1,#8c8cFF,#FFf5f5,#ddddFF,#FFf6f6,#d5d5FF,#FFe0e0,#b7b7FF,#d8d8FF,#fdfdFF,#e4e4FF,#FFf7f7,#FFeded,#FFf1f1,#FFdcdc,#8080FF,#f2f2FF,#fbfbFF,#FFecec,#eeeeFF,#f0f0FF,#FFd7d7,#FFfafa,#FFe4e4,#f7f7FF,#FFcece,#FFbebe,#FFf0f0,#FFe7e7,#e8e8FF,#f8f8FF,#fcfcFF,#FFf6f6,#f7f7FF,#FFdfdf,#f2f2FF,#FFffff,#FFf2f2,#FFf7f7,#fafaFF,#fafaFF,#f8f8FF,#FFfcfc,#fbfbFF,#FFeeee,#FFfafa,#fbfbFF,#FFffff,#f8f8FF,#FFf3f3,#FFf2f2,#FFfbfb,#FFf7f7,#FFf3f3,#f7f7FF,#FFfdfd,#FFfafa,#FFfcfc,#FFe6e6,#FFf8f8,#FFf8f8,#fdfdFF,#f9f9FF,#f5f5FF,#FFfefe,#f9f9FF,#f3f3FF,#fdfdFF,#FFfefe,#e6e6FF,#FFf4f4,#f3f3FF,#FFfefe,#dcdcFF,#f4f4FF,#FFf7f7,#FFe2e2,#FFfefe,#FFe6e6,#fefeFF,#f3f3FF
#f8f8FF,#f4f4FF,#fcfcFF,#f7f7FF,#FFf7f7,#FFffff,#fefeFF,#FFf8f8,#FFf9f9,#FFf3f3,#fafaFF,#FFf5f5,#f3f3FF,#f5f5FF,#FFf1f1,#8080FF,#a9a9FF,#f5f5FF,#f1f1FF,#FFfefe,#e7e7FF,#f6f6FF,#fafaFF,#FFffff,#FFffff,#f7f7FF,#FFfbfb,#fefeFF,#FFd6d6,#FFcbcb,#f7f7FF,#FFf7f7,#FFfdfd,#FFf5f5,#fafaFF,#fefeFF,#fcfcFF,#f5f5FF,#FFffff,#FFf6f6,#FFf9f9,#fbfbFF,#fafaFF,#FFfefe,#fbfbFF,#f8f8FF,#f4f4FF,#FFfefe,#FFfafa,#FFffff,#f8f8FF,#FFffff,#fcfcFF,#fdfdFF,#fcfcFF,#FFfdfd,#FFfcfc,#FFffff,#FFfefe,#FFfdfd,#FFfafa,#fafaFF,#FFf7f7,#FFffff,#FFfdfd,#FFfcfc,#FFfafa,#FFffff,#FFf9f9,#FFfefe,#FFfcfc,#fbfbFF,#FFfcfc,#fefeFF,#fafaFF,#FFffff,#f9f9FF,#FFfefe,#FFfefe,#f1f1FF,#fdfdFF,#FFfdfd,#FFf9f9,#FFf6f6,#fbfbFF,#FFfefe,#fafaFF,#fcfcFF,#ededFF,#FFfafa,#FFfbfb,#f9f9FF,#f4f4FF,#ededFF
#fdfdFF,#fbfbFF,#FFffff,#fdfdFF,#FFfdfd,#fcfcFF,#fefeFF,#fefeFF,#FFfefe,#fefeFF,#FFf9f9,#FFfdfd,#fbfbFF,#fafaFF,#fbfbFF,#FFf7f7,#8080FF,#fafaFF,#fafaFF,#FFfcfc,#FFffff,#fdfdFF,#FFfdfd,#fcfcFF,#FFfdfd,#FFfefe,#FFfdfd,#FFfcfc,#FFf8f8,#fbfbFF,#fefeFF,#fefeFF,#fefeFF,#FFfefe,#fdfdFF,#fdfdFF,#fefeFF,#fefeFF,#FFfefe,#fcfcFF,#FFfbfb,#FFffff,#fdfdFF,#fcfcFF,#fdfdFF,#FFffff,#fdfdFF,#FFfdfd,#FFfdfd,#fdfdFF,#FFffff,#FFfdfd,#FFffff,#FFfefe,#fdfdFF,#fefeFF,#FFfcfc,#FFffff,#FFffff,#fefeFF,#FFfcfc,#fbfbFF,#FFfafa,#FFfdfd,#FFffff,#FFfefe,#FFfdfd,#FFfdfd,#FFfbfb,#FFfefe,#FFfefe,#fefeFF,#FFffff,#fdfdFF,#FFfefe,#FFfefe,#fdfdFF,#fcfcFF,#FFfdfd,#fdfdFF,#FFfbfb,#FFfdfd,#FFffff,#FFfdfd,#FFffff,#FFffff,#FFffff,#fcfcFF,#fefeFF,#FFffff,#FFffff,#FFfdfd,#fefeFF,#fafaFF
#FFfcfc,#e7e7FF,#fefeFF,#fefeFF,#FFeeee,#FFf9f9,#fefeFF,#f8f8FF,#FFfafa,#FFf2f2,#FFe1e1,#FFfcfc,#FFf5f5,#f5f5FF,#ececFF,#FFf5f5,#8080FF,#FFfefe,#FFfefe,#fbfbFF,#FFf5f5,#fbfbFF,#FFf7f7,#FFf4f4,#FFfafa,#ededFF,#FFeded,#FFf4f4,#FFfafa,#FFf2f2,#FFfefe,#f8f8FF,#FFfbfb,#FFffff,#FFf7f7,#FFf8f8,#FFfafa,#f4f4FF,#FFefef,#fbfbFF,#f1f1FF,#FFe9e9,#FFfcfc,#fcfcFF,#fcfcFF,#FFfefe,#fbfbFF,#FFfefe,#FFffff,#fcfcFF,#FFf7f7,#FFf0f0,#FFecec,#FFf9f9,#fcfcFF,#FFf3f3,#fefeFF,#ececFF,#FFf2f2,#FFf9f9,#eaeaFF,#ebebFF,#fcfcFF,#FFf6f6,#FFf9f9,#f7f7FF,#fafaFF,#FFf2f2,#f1f1FF,#fefeFF,#f0f0FF,#FFf8f8,#FFf4f4,#f8f8FF,#eeeeFF,#eeeeFF,#f1f1FF,#FFfefe,#FFfdfd,#f0f0FF,#FFfbfb,#FFf9f9,#FFf4f4,#FFeeee,#fbfbFF,#f3f3FF,#f0f0FF,#eeeeFF,#ececFF,#FFf0f0,#f4f4FF,#FFffff,#eeeeFF,#FFf4f4
